<?xml version="1.0" encoding="UTF-8"?>
<project-private xmlns="http://www.netbeans.org/ns/project-private/1">
    <editor-bookmarks xmlns="http://www.netbeans.org/ns/editor-bookmarks/2" lastBookmarkId="0"/>
    <open-files xmlns="http://www.netbeans.org/ns/projectui-open-files/2">
        <group>
            <file>file:/home/marcos/NetBeansProjects/proyectoFinal/src/projectofinal/ButtonColumn.java</file>
            <file>file:/home/marcos/NetBeansProjects/proyectoFinal/src/projectofinal/ventanaActualizar.java</file>
            <file>file:/home/marcos/NetBeansProjects/proyectoFinal/src/projectofinal/hipervinculo.java</file>
            <file>file:/home/marcos/NetBeansProjects/proyectoFinal/src/projectofinal/tablaProyecto.java</file>
            <file>file:/home/marcos/NetBeansProjects/proyectoFinal/src/projectofinal/ventanaInsertar.java</file>
        </group>
    </open-files>
</project-private>
